Nombres,Apellidos 
Sofía,García
Emma,Rodríguez
Olivia,Hernández
Ava,Martínez
Charlotte,López
Amelia,González
Mia,Pérez
Harper,Sánchez
Evelyn,Ramírez
Abigail,Jiménez
Emily,Álvarez
Ella,Moreno
Avery,Romero
Camila,Muñoz
Madison,Ruiz
Scarlett,Díaz
Victoria,Morales
Luna,Castillo
Aria,Suárez
Grace,Fernández
Chloe,Lee
Zoe,Kim
Lily,Chen
Nora,Patel
Penelope,Singh
Noah,Nguyen
Liam,Wang
Oliver,Davis
Ethan,Johnson
Elijah,Williams
James,Brown
Benjamin,Jones
Lucas,Miller
Mason,Wilson
Henry,Anderson
Alexander,Taylor
William,Thomas
Michael,Moore
Jacob,Jackson
Daniel,Martin
Matthew,Lee
Aiden,Walker
Brayden,Hall
Nathan,Allen
Samuel,Young
David,Wright
Christopher,Carter
Joseph,Roberts
John,Phillips
Andrew,Evans
